intent,text
informasi_pendaftaran,Bagaimana cara mendaftar di Universitas?
informasi_pendaftaran,Apa saja informasi pendaftaran yang harus saya ketahui?
informasi_pendaftaran,Bagaimana prosedur pendaftaran untuk mahasiswa baru?
informasi_pendaftaran,Apakah pendaftaran bisa dilakukan secara online?
informasi_pendaftaran,Apakah ada jalur pendaftaran khusus untuk karyawan atau profesional?
informasi_pendaftaran,"Saya ingin mendaftar, apa langkah pertama yang harus saya lakukan?"
informasi_pendaftaran,Dimana saya bisa mendapatkan formulir pendaftaran?
informasi_pendaftaran,Apa saja dokumen yang dibutuhkan untuk mendaftar?
informasi_pendaftaran,Apakah ada batas waktu pendaftaran?
informasi_pendaftaran,Kapan jadwal pendaftaran dibuka?
informasi_pendaftaran,Bagaimana cara mengetahui apakah saya diterima?
informasi_pendaftaran,Apakah ada biaya pendaftaran?
informasi_pendaftaran,Apakah saya bisa mendaftar jika belum lulus sekolah?
informasi_pendaftaran,"Saya sudah lulus tahun lalu, apakah masih bisa mendaftar?"
informasi_pendaftaran,Bagaimana cara membuat akun untuk pendaftaran online?
informasi_pendaftaran,Apakah ada syarat khusus untuk mahasiswa internasional?
informasi_pendaftaran,Apakah ada batasan umur untuk mendaftar?
informasi_pendaftaran,Apakah ada perbedaan pendaftaran untuk jalur reguler dan jalur mandiri?
informasi_pendaftaran,Berapa lama proses seleksi setelah mendaftar?
informasi_pendaftaran,Apa yang harus saya lakukan setelah mendaftar?
informasi_pendaftaran,Bagaimana cara mengubah data setelah saya mendaftar?
informasi_pendaftaran,Apakah saya bisa membatalkan pendaftaran?
informasi_pendaftaran,Apakah saya bisa mendaftar di lebih dari satu program studi?
informasi_pendaftaran,Apakah ada kuota penerimaan mahasiswa baru?
informasi_pendaftaran,Apakah ada seleksi tambahan setelah pendaftaran?
informasi_pendaftaran,Dimana saya bisa melihat informasi terbaru tentang pendaftaran?
informasi_pendaftaran,Apakah ada hotline atau kontak untuk bertanya tentang pendaftaran?
informasi_pendaftaran,Bagaimana jika saya mengalami masalah saat mendaftar online?
informasi_pendaftaran,Apakah ada sesi konsultasi bagi calon mahasiswa sebelum mendaftar?
informasi_pendaftaran,Bagaimana sistem verifikasi berkas setelah pendaftaran?
informasi_pendaftaran,Apakah saya bisa mengganti program studi setelah mendaftar?
informasi_pendaftaran,Apakah saya harus datang langsung ke kampus untuk mendaftar?
informasi_pendaftaran,Apakah ada ujian masuk setelah pendaftaran?
informasi_pendaftaran,Apakah ada jalur beasiswa yang bisa saya daftar bersamaan?
informasi_pendaftaran,"Bagaimana jika saya tidak lulus seleksi, apakah ada opsi lain?"
informasi_pendaftaran,Apakah ada program khusus untuk mahasiswa berprestasi?
informasi_pendaftaran,Bagaimana cara mengetahui status pendaftaran saya?
informasi_pendaftaran,"Jika saya dari luar kota, bagaimana saya bisa mengurus pendaftaran?"
informasi_pendaftaran,Apakah ada demo atau panduan video tentang cara mendaftar?
informasi_pendaftaran,Apakah saya bisa mendapatkan surat keterangan bahwa saya telah mendaftar?
informasi_pendaftaran,Bagaimana jika saya salah mengisi formulir pendaftaran?
informasi_pendaftaran,Bagaimana cara mengunggah dokumen untuk pendaftaran online?
informasi_pendaftaran,Apakah ada grup atau komunitas calon mahasiswa yang bisa saya ikuti?
informasi_pendaftaran,"Jika saya pindahan dari universitas lain, bagaimana proses pendaftarannya?"
informasi_pendaftaran,Apakah saya bisa mengajukan pertanyaan langsung kepada bagian pendaftaran?
informasi_pendaftaran,Bagaimana prosedur pendaftaran untuk mahasiswa transfer?
informasi_pendaftaran,Apakah ada batasan nilai akademik untuk bisa mendaftar?
informasi_pendaftaran,Bagaimana cara mencetak kartu pendaftaran saya?
informasi_pendaftaran,Apakah ada jalur rekomendasi dari sekolah untuk pendaftaran?
jadwal_pendaftaran,Kapan pendaftaran dibuka?
jadwal_pendaftaran,Apa deadline pendaftaran tahun ini?
jadwal_pendaftaran,Kapan jadwal seleksi tahap 1 dan tahap 2?
jadwal_pendaftaran,Apakah ada perpanjangan waktu pendaftaran?
jadwal_pendaftaran,Kapan hasil seleksi diumumkan?
jadwal_pendaftaran,Apakah ada batas waktu pengumpulan dokumen?
jadwal_pendaftaran,Dimana saya bisa melihat jadwal lengkap pendaftaran?
jadwal_pendaftaran,Kapan pengumuman hasil tes masuk universitas?
jadwal_pendaftaran,Apakah ada jadwal khusus untuk mahasiswa internasional?
jadwal_pendaftaran,Sampai kapan saya bisa mengajukan pendaftaran?
jadwal_pendaftaran,Apakah ada tahapan seleksi setelah pendaftaran?
jadwal_pendaftaran,Bagaimana cara mengetahui apakah jadwal pendaftaran berubah?
jadwal_pendaftaran,Apakah jadwal pendaftaran berbeda untuk setiap fakultas?
jadwal_pendaftaran,Apakah ada sesi pendaftaran gelombang kedua?
jadwal_pendaftaran,Berapa lama waktu yang dibutuhkan untuk proses seleksi?
jadwal_pendaftaran,Kapan waktu terakhir untuk membayar biaya pendaftaran?
jadwal_pendaftaran,Apakah ada jadwal tes tambahan untuk jalur mandiri?
jadwal_pendaftaran,Apakah ada batasan kuota pendaftaran di setiap tahap?
jadwal_pendaftaran,"Jika saya telat daftar, apakah masih bisa ikut seleksi?"
jadwal_pendaftaran,Kapan ujian masuk universitas diadakan?
jadwal_pendaftaran,Apakah ada jadwal wawancara setelah seleksi berkas?
jadwal_pendaftaran,Kapan pengumuman hasil seleksi jalur prestasi?
jadwal_pendaftaran,Apakah ada perbedaan jadwal antara jalur reguler dan beasiswa?
jadwal_pendaftaran,Bagaimana cara mengetahui update terbaru tentang jadwal pendaftaran?
jadwal_pendaftaran,Dimana saya bisa mendapatkan kalender akademik terbaru?
jadwal_pendaftaran,Kapan saya harus menyerahkan berkas pendaftaran?
jadwal_pendaftaran,Apakah ada batas waktu untuk mengonfirmasi penerimaan?
jadwal_pendaftaran,Berapa hari setelah seleksi saya bisa melihat hasilnya?
jadwal_pendaftaran,Apakah jadwal pendaftaran sama setiap tahunnya?
jadwal_pendaftaran,Kapan jadwal orientasi mahasiswa baru diumumkan?
jadwal_pendaftaran,Kapan jadwal tes tertulis diumumkan?
jadwal_pendaftaran,Apakah ada pembagian jadwal berdasarkan program studi?
jadwal_pendaftaran,Bagaimana jika saya tidak bisa mengikuti tes di jadwal yang ditentukan?
jadwal_pendaftaran,Kapan batas akhir untuk melengkapi persyaratan pendaftaran?
jadwal_pendaftaran,Apakah ada informasi resmi tentang perubahan jadwal?
jadwal_pendaftaran,Kapan saya bisa mulai mengakses sistem pendaftaran online?
jadwal_pendaftaran,Apakah ada jadwal pendaftaran ulang bagi yang lolos seleksi?
jadwal_pendaftaran,Bagaimana jika saya ingin pindah ke jadwal seleksi lain?
jadwal_pendaftaran,Apakah ada informasi tentang jadwal pendaftaran untuk program pascasarjana?
jadwal_pendaftaran,Apakah jadwal pendaftaran berbeda untuk jalur SNMPTN dan SBMPTN?
jadwal_pendaftaran,Kapan saya bisa mencetak kartu ujian setelah mendaftar?
jadwal_pendaftaran,"Jika saya gagal seleksi, kapan saya bisa mendaftar ulang?"
jadwal_pendaftaran,Kapan batas akhir pembayaran UKT bagi mahasiswa baru?
jadwal_pendaftaran,Kapan jadwal bimbingan akademik untuk mahasiswa baru?
jadwal_pendaftaran,Apakah saya bisa mengubah jadwal tes yang sudah ditentukan?
jadwal_pendaftaran,Dimana saya bisa mengecek perubahan jadwal pendaftaran?
jadwal_pendaftaran,"Jika saya ingin mengikuti jalur masuk lain, kapan pendaftarannya?"
jadwal_pendaftaran,Apakah saya bisa mendaftar lebih awal sebelum jadwal resmi dibuka?
jadwal_pendaftaran,Berapa lama proses verifikasi setelah saya mengunggah dokumen?
jadwal_pendaftaran,Apakah ada sesi konsultasi terkait jadwal pendaftaran?
biaya_kuliah,Berapa biaya kuliah di prodi ini?
biaya_kuliah,Bagaimana sistem pembayaran biaya kuliah?
biaya_kuliah,Apakah ada program cicilan atau beasiswa?
biaya_kuliah,Berapa biaya pendaftaran mahasiswa baru?
biaya_kuliah,Apa saja komponen biaya kuliah yang harus dibayar?
biaya_kuliah,Apakah biaya per semester bisa berubah setiap tahun?
biaya_kuliah,Apakah ada potongan biaya untuk mahasiswa berprestasi?
biaya_kuliah,Berapa total biaya kuliah sampai lulus?
biaya_kuliah,Apakah ada perbedaan biaya antara jalur reguler dan jalur mandiri?
biaya_kuliah,Apakah biaya kuliah berbeda untuk setiap program studi?
biaya_kuliah,Bagaimana cara mengetahui rincian biaya kuliah?
biaya_kuliah,Apakah ada diskon untuk mahasiswa dari keluarga kurang mampu?
biaya_kuliah,Apakah biaya kuliah mencakup biaya buku dan bahan ajar?
biaya_kuliah,Berapa biaya laboratorium yang harus dibayarkan?
biaya_kuliah,Apakah ada biaya tambahan selain SPP dan UKT?
biaya_kuliah,Bagaimana cara membayar biaya kuliah secara online?
biaya_kuliah,Apakah biaya kuliah bisa dikembalikan jika saya mengundurkan diri?
biaya_kuliah,Kapan batas akhir pembayaran biaya kuliah?
biaya_kuliah,Apakah ada denda jika terlambat membayar biaya kuliah?
biaya_kuliah,Apakah mahasiswa transfer memiliki biaya kuliah yang berbeda?
biaya_kuliah,Bagaimana cara mengajukan keringanan biaya kuliah?
biaya_kuliah,Berapa biaya daftar ulang setiap semester?
biaya_kuliah,Apakah ada perbedaan biaya untuk mahasiswa internasional?
biaya_kuliah,Apakah ada program pembebasan biaya kuliah?
biaya_kuliah,Bagaimana cara mendapatkan informasi resmi tentang biaya kuliah?
biaya_kuliah,Apakah ada simulasi perhitungan biaya kuliah?
biaya_kuliah,Bagaimana cara membayar biaya kuliah dengan cicilan?
biaya_kuliah,Berapa biaya pendaftaran ulang setelah diterima?
biaya_kuliah,Apakah mahasiswa harus membayar biaya asrama?
biaya_kuliah,Apakah biaya kuliah sudah termasuk biaya ujian?
biaya_kuliah,Apakah ada biaya tambahan untuk kegiatan ekstrakurikuler?
biaya_kuliah,Berapa biaya yang harus dibayar jika mengambil semester pendek?
biaya_kuliah,Apakah ada biaya tambahan untuk tugas akhir atau skripsi?
biaya_kuliah,Apakah ada perbedaan biaya antara kelas pagi dan kelas malam?
biaya_kuliah,Apakah biaya kuliah bisa dibayar melalui bank atau e-wallet?
biaya_kuliah,Bagaimana jika saya tidak bisa membayar biaya kuliah tepat waktu?
biaya_kuliah,Apakah biaya kuliah bisa berubah jika saya cuti kuliah?
biaya_kuliah,Bagaimana cara mengetahui biaya kuliah untuk jalur prestasi?
biaya_kuliah,Apakah biaya kuliah bisa ditransfer ke mahasiswa lain?
biaya_kuliah,Apakah ada kebijakan pengembalian uang jika saya pindah ke universitas lain?
biaya_kuliah,Apakah biaya kuliah sudah mencakup biaya wisuda?
biaya_kuliah,Apakah ada program subsidi biaya kuliah dari pemerintah?
biaya_kuliah,Bagaimana cara mengetahui rincian pembayaran yang sudah saya lakukan?
biaya_kuliah,Apakah ada biaya tambahan untuk mahasiswa kelas karyawan?
biaya_kuliah,"Jika saya gagal dalam suatu mata kuliah, apakah ada biaya tambahan?"
biaya_kuliah,Apakah ada potongan biaya untuk anak pegawai universitas?
biaya_kuliah,Apakah ada skema bantuan finansial selain beasiswa?
biaya_kuliah,Bagaimana cara mendapatkan rincian tagihan biaya kuliah?
biaya_kuliah,Apakah ada sanksi jika saya tidak membayar biaya kuliah tepat waktu?
persyaratan_pendaftaran,Apa saja syarat pendaftaran?
persyaratan_pendaftaran,Dokumen apa yang harus disiapkan untuk mendaftar?
persyaratan_pendaftaran,Apakah saya perlu legalisir ijazah untuk mendaftar?
persyaratan_pendaftaran,Apakah ada batasan usia untuk mendaftar?
persyaratan_pendaftaran,Apakah sertifikat TOEFL/IELTS diperlukan?
persyaratan_pendaftaran,Apakah ada perbedaan syarat untuk pendaftaran reguler dan beasiswa?
persyaratan_pendaftaran,Berapa nilai minimal yang diperlukan untuk diterima?
persyaratan_pendaftaran,Apakah saya harus menyertakan rapor saat mendaftar?
persyaratan_pendaftaran,Apakah ada tes kesehatan sebagai syarat pendaftaran?
persyaratan_pendaftaran,Apakah ada wawancara dalam proses pendaftaran?
persyaratan_pendaftaran,Apakah saya harus memiliki surat rekomendasi dari sekolah?
persyaratan_pendaftaran,Apakah syarat pendaftaran berbeda untuk mahasiswa internasional?
persyaratan_pendaftaran,Apakah perlu melampirkan surat keterangan berkelakuan baik?
persyaratan_pendaftaran,"Bagaimana jika saya belum memiliki KTP, apakah bisa mendaftar?"
persyaratan_pendaftaran,Apakah saya harus memiliki NPWP untuk mendaftar?
persyaratan_pendaftaran,Apakah ada ketentuan khusus untuk jalur prestasi?
persyaratan_pendaftaran,Apakah ada syarat khusus bagi lulusan paket C?
persyaratan_pendaftaran,Apakah saya perlu menyertakan foto saat mendaftar?
persyaratan_pendaftaran,Apakah ada syarat khusus bagi mahasiswa pindahan?
persyaratan_pendaftaran,Apakah ada syarat pengalaman kerja untuk pendaftaran?
persyaratan_pendaftaran,Apakah ada format khusus untuk surat rekomendasi?
persyaratan_pendaftaran,Apakah ada syarat khusus bagi penyandang disabilitas?
persyaratan_pendaftaran,Apakah ada minimal nilai mata pelajaran tertentu?
persyaratan_pendaftaran,Apakah saya perlu membuat akun untuk mendaftar?
persyaratan_pendaftaran,Apakah ada kuota khusus bagi pendaftar dari daerah tertentu?
persyaratan_pendaftaran,Apakah lulusan tahun lalu masih bisa mendaftar?
persyaratan_pendaftaran,Apakah saya harus memiliki SKHUN untuk mendaftar?
persyaratan_pendaftaran,Apakah saya perlu melakukan tes bakat minat?
persyaratan_pendaftaran,Apakah ada syarat tinggi badan untuk masuk ke program tertentu?
persyaratan_pendaftaran,Apakah ada tes tambahan selain ujian tertulis?
persyaratan_pendaftaran,Apakah pendaftar harus mengikuti program matrikulasi?
persyaratan_pendaftaran,Apakah ada syarat pengalaman organisasi untuk mendaftar?
persyaratan_pendaftaran,Bagaimana jika saya tidak memenuhi nilai minimal yang ditentukan?
persyaratan_pendaftaran,Apakah saya harus menyerahkan essay sebagai syarat pendaftaran?
persyaratan_pendaftaran,Apakah saya perlu menyertakan rekening listrik atau bukti domisili?
persyaratan_pendaftaran,Apakah ada tes fisik untuk program tertentu?
persyaratan_pendaftaran,Apakah saya harus memiliki akun media sosial untuk mendaftar?
persyaratan_pendaftaran,Apakah ada batas waktu untuk melengkapi dokumen persyaratan?
persyaratan_pendaftaran,Apakah ada surat pernyataan yang harus ditandatangani?
persyaratan_pendaftaran,Apakah saya harus mengunggah video perkenalan diri?
persyaratan_pendaftaran,Apakah ada syarat khusus bagi mahasiswa yang bekerja?
persyaratan_pendaftaran,"Bagaimana jika saya kehilangan ijazah, apakah masih bisa mendaftar?"
persyaratan_pendaftaran,Apakah sertifikat keahlian bisa menjadi syarat pendaftaran?
persyaratan_pendaftaran,Apakah ada batasan umur untuk program tertentu?
persyaratan_pendaftaran,Apakah saya bisa mendaftar jika belum memiliki ijazah?
persyaratan_pendaftaran,Apakah ada syarat minimal IPK bagi mahasiswa transfer?
persyaratan_pendaftaran,Apakah saya perlu mengurus SKCK untuk pendaftaran?
persyaratan_pendaftaran,Apakah pendaftar harus memiliki asuransi kesehatan?
persyaratan_pendaftaran,Apakah ada ketentuan khusus bagi anak tenaga pendidik?
persyaratan_pendaftaran,Apakah pendaftar harus memiliki SIM atau surat izin lainnya?
prosedur_seleksi,Bagaimana proses seleksi masuk?
prosedur_seleksi,Tes apa saja yang harus diikuti untuk masuk?
prosedur_seleksi,Apakah ada ujian wawancara dalam seleksi?
prosedur_seleksi,Bagaimana jika saya tidak lulus tahap pertama?
prosedur_seleksi,Apakah seleksi berbeda untuk jalur reguler dan jalur mandiri?
prosedur_seleksi,Apakah ada nilai minimal untuk lolos seleksi?
prosedur_seleksi,Dimana saya bisa mendapatkan contoh soal ujian masuk?
prosedur_seleksi,Apakah tes seleksi dilakukan secara online atau offline?
prosedur_seleksi,Apakah ada ujian keterampilan khusus untuk jurusan tertentu?
prosedur_seleksi,Bagaimana jika saya berhalangan hadir pada jadwal seleksi?
prosedur_seleksi,Berapa lama proses seleksi dari awal hingga pengumuman?
prosedur_seleksi,Apakah ada tes tambahan bagi calon mahasiswa jalur prestasi?
prosedur_seleksi,Bagaimana cara mengetahui lokasi ujian seleksi?
prosedur_seleksi,Apakah hasil seleksi bisa dibandingkan dengan peserta lain?
prosedur_seleksi,Apakah ada kesempatan untuk mengulang tes seleksi?
prosedur_seleksi,Berapa kali seleksi dilakukan dalam satu tahun?
prosedur_seleksi,Apakah saya bisa memilih jadwal seleksi sendiri?
prosedur_seleksi,Apakah ada bimbingan belajar khusus sebelum seleksi?
prosedur_seleksi,Apa saja dokumen yang harus dibawa saat seleksi?
prosedur_seleksi,Apakah ada simulasi ujian sebelum seleksi utama?
prosedur_seleksi,Bagaimana format soal yang diujikan dalam seleksi?
prosedur_seleksi,Apakah ada bobot nilai berbeda untuk tiap tahap seleksi?
prosedur_seleksi,Berapa jumlah peserta yang diterima dalam setiap seleksi?
prosedur_seleksi,Apakah ada sistem ranking dalam seleksi masuk?
prosedur_seleksi,"Jika saya gagal seleksi, apakah ada jalur lain yang bisa saya coba?"
prosedur_seleksi,Apakah ada ujian praktik bagi jurusan tertentu?
prosedur_seleksi,Apakah seleksi masuk mempertimbangkan pengalaman kerja?
prosedur_seleksi,Apakah ada jalur seleksi khusus untuk pendaftar dari daerah tertentu?
prosedur_seleksi,Apakah ada kebijakan khusus bagi penyandang disabilitas dalam seleksi?
prosedur_seleksi,Bagaimana sistem penilaian dalam ujian seleksi?
prosedur_seleksi,Apakah ada pembobotan nilai antara tes tulis dan wawancara?
prosedur_seleksi,Bagaimana cara mengetahui hasil seleksi secara online?
prosedur_seleksi,"Jika saya diterima, apa langkah selanjutnya setelah seleksi?"
prosedur_seleksi,Apakah ada jalur seleksi untuk mahasiswa transfer?
prosedur_seleksi,Apakah tes seleksi sama setiap tahunnya?
prosedur_seleksi,Apakah ada seleksi tambahan setelah lolos tahap pertama?
prosedur_seleksi,Berapa lama waktu yang diberikan untuk setiap tes?
prosedur_seleksi,Apakah hasil seleksi bisa diklaim atau dibandingkan?
prosedur_seleksi,Apakah ada sesi tanya jawab setelah seleksi?
prosedur_seleksi,Bagaimana format tes psikotes dalam seleksi?
prosedur_seleksi,Apakah ada penilaian dari nilai rapor dalam seleksi?
prosedur_seleksi,Apakah ada tes kepribadian dalam seleksi?
prosedur_seleksi,"Jika saya sudah lulus SNMPTN, apakah masih perlu ikut seleksi ini?"
prosedur_seleksi,Apakah ada aturan berpakaian saat mengikuti seleksi?
prosedur_seleksi,Bagaimana jika saya sakit pada hari ujian seleksi?
prosedur_seleksi,Apakah ada perbedaan seleksi untuk program S1 dan pascasarjana?
prosedur_seleksi,Apakah ada jalur undangan tanpa tes seleksi?
prosedur_seleksi,Bagaimana jika saya tidak mendapatkan informasi jadwal seleksi?
prosedur_seleksi,"Jika saya memiliki prestasi akademik, apakah ada seleksi khusus?"
informasi_prodi,Apa itu prodi komputer jaringan?
informasi_prodi,Apa visi dan misi prodi ini?
informasi_prodi,Apa keunggulan prodi ini dibandingkan dengan prodi serupa?
informasi_prodi,Apa saja kompetensi yang akan saya pelajari?
informasi_prodi,Apakah ada program internasional untuk prodi ini?
informasi_prodi,Apakah ada spesialisasi tertentu dalam prodi ini?
informasi_prodi,Bagaimana sistem pembelajaran di prodi ini?
informasi_prodi,Apa saja mata kuliah yang diajarkan dalam prodi ini?
informasi_prodi,Bagaimana prospek kerja lulusan prodi ini?
informasi_prodi,Apakah ada program sertifikasi yang bisa diambil selama kuliah?
informasi_prodi,Apakah prodi ini lebih fokus ke teori atau praktik?
informasi_prodi,Berapa jumlah SKS yang harus diselesaikan untuk lulus?
informasi_prodi,Apakah ada kerja sama dengan industri dalam prodi ini?
informasi_prodi,Apa perbedaan antara prodi ini dengan teknik informatika?
informasi_prodi,Bagaimana sistem evaluasi dan ujian di prodi ini?
informasi_prodi,Apakah ada kesempatan untuk mengikuti program magang?
informasi_prodi,Apakah prodi ini memiliki laboratorium sendiri?
informasi_prodi,Bagaimana cara mahasiswa mengakses sumber belajar tambahan?
informasi_prodi,Apakah ada kesempatan untuk melakukan penelitian selama kuliah?
informasi_prodi,Apakah lulusan prodi ini bisa melanjutkan ke jenjang S2?
informasi_prodi,Apakah ada kelas malam atau kelas karyawan untuk prodi ini?
informasi_prodi,Apakah ada program pertukaran pelajar untuk mahasiswa prodi ini?
informasi_prodi,Apakah ada komunitas atau organisasi mahasiswa di prodi ini?
informasi_prodi,Apa saja prestasi yang pernah diraih oleh mahasiswa prodi ini?
informasi_prodi,Apakah ada mata kuliah pilihan dalam kurikulum prodi ini?
informasi_prodi,Bagaimana fasilitas pendukung untuk mahasiswa prodi ini?
informasi_prodi,Apa saja tantangan utama dalam mempelajari prodi ini?
informasi_prodi,Apakah ada program dual degree untuk prodi ini?
informasi_prodi,Bagaimana peran alumni dalam pengembangan prodi ini?
informasi_prodi,Bagaimana hubungan prodi ini dengan dunia industri?
informasi_prodi,Apakah ada proyek akhir atau skripsi sebagai syarat kelulusan?
informasi_prodi,Apakah prodi ini memiliki dosen tamu dari industri?
informasi_prodi,Bagaimana cara mengakses jurnal dan publikasi ilmiah terkait prodi ini?
informasi_prodi,Apakah ada program beasiswa khusus untuk mahasiswa prodi ini?
informasi_prodi,Bagaimana sistem pembimbingan akademik di prodi ini?
informasi_prodi,Apakah ada kesempatan untuk bekerja di kampus selama kuliah?
informasi_prodi,Bagaimana cara mahasiswa berkontribusi dalam penelitian dosen?
informasi_prodi,Apakah ada seminar atau workshop rutin yang diadakan oleh prodi?
informasi_prodi,Bagaimana hubungan antara prodi ini dengan asosiasi profesi?
informasi_prodi,Apakah ada mata kuliah kewirausahaan dalam prodi ini?
informasi_prodi,Bagaimana cara mahasiswa mendapatkan bimbingan karir?
informasi_prodi,Apakah ada program percepatan studi dalam prodi ini?
informasi_prodi,Apa saja software atau teknologi yang digunakan dalam pembelajaran?
informasi_prodi,Bagaimana sistem penjurusan dalam prodi ini?
informasi_prodi,Bagaimana sistem penulisan tugas akhir di prodi ini?
informasi_prodi,Apakah ada kesempatan untuk menjadi asisten dosen di prodi ini?
informasi_prodi,Apa saja perusahaan yang sering merekrut lulusan prodi ini?
informasi_prodi,Bagaimana sistem pembelajaran berbasis proyek di prodi ini?
informasi_prodi,Apakah ada mata kuliah terkait kecerdasan buatan dalam prodi ini?
kurikulum_mata_kuliah,Apa saja mata kuliah yang diajarkan?
kurikulum_mata_kuliah,Bagaimana struktur kurikulum prodi ini?
kurikulum_mata_kuliah,Apakah ada mata kuliah pilihan yang bisa diambil?
kurikulum_mata_kuliah,Apakah kurikulum selalu diperbarui mengikuti perkembangan industri?
kurikulum_mata_kuliah,Bisakah saya melihat silabus mata kuliah tertentu?
kurikulum_mata_kuliah,Apakah ada proyek atau tugas akhir dalam kurikulum?
kurikulum_mata_kuliah,Mata kuliah apa yang paling sulit dalam prodi ini?
kurikulum_mata_kuliah,Berapa jumlah SKS yang harus diselesaikan untuk lulus?
kurikulum_mata_kuliah,Apakah ada mata kuliah yang berkaitan dengan kecerdasan buatan?
kurikulum_mata_kuliah,Bagaimana sistem pemilihan mata kuliah di tiap semester?
kurikulum_mata_kuliah,Apakah ada kurikulum khusus bagi mahasiswa jalur beasiswa?
kurikulum_mata_kuliah,Apakah ada kuliah tamu dari industri dalam kurikulum ini?
kurikulum_mata_kuliah,Bagaimana sistem pembelajaran untuk mata kuliah berbasis praktik?
kurikulum_mata_kuliah,Mata kuliah apa yang menjadi fondasi utama dalam prodi ini?
kurikulum_mata_kuliah,Apakah ada program sertifikasi yang terkait dengan mata kuliah?
kurikulum_mata_kuliah,Bagaimana sistem evaluasi dalam setiap mata kuliah?
kurikulum_mata_kuliah,Apakah ada program magang sebagai bagian dari kurikulum?
kurikulum_mata_kuliah,Apakah ada mata kuliah yang mengajarkan kewirausahaan?
kurikulum_mata_kuliah,Bagaimana sistem perkuliahan untuk mahasiswa kelas karyawan?
kurikulum_mata_kuliah,Apakah ada mata kuliah yang fokus pada pengembangan soft skills?
kurikulum_mata_kuliah,Apakah ada program fast track untuk menyelesaikan kuliah lebih cepat?
kurikulum_mata_kuliah,Apakah ada mata kuliah yang mengajarkan teknologi terbaru?
kurikulum_mata_kuliah,Mata kuliah apa yang direkomendasikan untuk peminatan tertentu?
kurikulum_mata_kuliah,Apakah ada tugas proyek berbasis tim dalam mata kuliah tertentu?
kurikulum_mata_kuliah,Apakah kurikulum sudah memenuhi standar akreditasi nasional?
kurikulum_mata_kuliah,Apakah ada workshop atau seminar yang mendukung kurikulum?
kurikulum_mata_kuliah,Bagaimana sistem pengambilan mata kuliah lintas jurusan?
kurikulum_mata_kuliah,Apakah ada mata kuliah yang diajarkan dalam bahasa Inggris?
kurikulum_mata_kuliah,Mata kuliah apa yang membantu dalam persiapan kerja setelah lulus?
kurikulum_mata_kuliah,Apakah ada sistem e-learning dalam perkuliahan?
kurikulum_mata_kuliah,Bagaimana sistem ujian dalam kurikulum ini?
kurikulum_mata_kuliah,Mata kuliah apa yang memiliki praktik laboratorium?
kurikulum_mata_kuliah,Apakah ada sistem transfer kredit jika saya pindah dari universitas lain?
kurikulum_mata_kuliah,Bagaimana cara mengetahui mata kuliah yang wajib dan yang pilihan?
kurikulum_mata_kuliah,Apakah ada mata kuliah yang membahas keamanan siber?
kurikulum_mata_kuliah,Mata kuliah apa yang harus saya ambil jika ingin bekerja di bidang AI?
kurikulum_mata_kuliah,Apakah ada program double degree dalam kurikulum ini?
kurikulum_mata_kuliah,Bagaimana jika saya ingin mengambil lebih banyak mata kuliah dari yang ditentukan?
kurikulum_mata_kuliah,Apakah ada program kerja sama dengan perusahaan dalam kurikulum ini?
kurikulum_mata_kuliah,Bagaimana sistem penilaian dalam setiap mata kuliah?
kurikulum_mata_kuliah,Apakah ada program studi independen dalam kurikulum ini?
kurikulum_mata_kuliah,Apakah ada mata kuliah tentang teknologi blockchain?
kurikulum_mata_kuliah,Apakah ada mata kuliah yang fokus pada pengembangan aplikasi?
kurikulum_mata_kuliah,Bagaimana proses skripsi atau tugas akhir dalam kurikulum ini?
kurikulum_mata_kuliah,Apakah ada pelatihan tambahan yang direkomendasikan selain mata kuliah?
kurikulum_mata_kuliah,Apakah ada kuliah daring untuk beberapa mata kuliah?
kurikulum_mata_kuliah,Apakah ada mata kuliah yang bisa dikonversi menjadi sertifikat profesional?
kurikulum_mata_kuliah,Bagaimana sistem konsultasi akademik untuk pemilihan mata kuliah?
kurikulum_mata_kuliah,Apakah ada mata kuliah yang melibatkan studi kasus dari industri?
kurikulum_mata_kuliah,Apakah ada program pembelajaran berbasis proyek dalam kurikulum ini?
fasilitas_laboratorium,Fasilitas apa saja yang tersedia di prodi ini?
fasilitas_laboratorium,Bagaimana kondisi laboratorium komputer jaringan?
fasilitas_laboratorium,Apakah mahasiswa bisa mengakses lab di luar jam kuliah?
fasilitas_laboratorium,Apakah ada fasilitas pendukung untuk penelitian mahasiswa?
fasilitas_laboratorium,Bagaimana sistem peminjaman alat di laboratorium?
fasilitas_laboratorium,Apakah ada ruang khusus untuk praktik jaringan?
fasilitas_laboratorium,Apakah mahasiswa mendapatkan akses ke software khusus?
fasilitas_laboratorium,Apakah ada fasilitas internet gratis di kampus?
fasilitas_laboratorium,Apakah ada laboratorium dengan spesialisasi tertentu?
fasilitas_laboratorium,Berapa jumlah laboratorium yang tersedia di prodi ini?
fasilitas_laboratorium,Apakah laboratorium sudah dilengkapi dengan perangkat terbaru?
fasilitas_laboratorium,Apakah ada ruang belajar yang bisa digunakan oleh mahasiswa?
fasilitas_laboratorium,Bagaimana cara menggunakan fasilitas lab jika saya tidak ada jadwal kuliah?
fasilitas_laboratorium,Apakah laboratorium hanya bisa digunakan untuk mata kuliah tertentu?
fasilitas_laboratorium,Bagaimana kebijakan penggunaan lab bagi mahasiswa tingkat akhir?
fasilitas_laboratorium,Apakah ada akses ke perangkat keras seperti router dan switch untuk praktik?
fasilitas_laboratorium,Apakah mahasiswa bisa meminjam peralatan lab untuk tugas pribadi?
fasilitas_laboratorium,Apakah ada fasilitas VR atau simulasi untuk pembelajaran?
fasilitas_laboratorium,Bagaimana sistem keamanan dalam laboratorium?
fasilitas_laboratorium,Apakah mahasiswa mendapatkan akun untuk mengakses perangkat lunak tertentu?
fasilitas_laboratorium,Apakah ada ruang diskusi yang bisa digunakan mahasiswa?
fasilitas_laboratorium,Apakah laboratorium bisa digunakan untuk penelitian mandiri?
fasilitas_laboratorium,Bagaimana cara mahasiswa baru mendapatkan akses ke laboratorium?
fasilitas_laboratorium,Apakah ada laboratorium yang mendukung pengembangan kecerdasan buatan?
fasilitas_laboratorium,Apakah ada server kampus yang bisa digunakan mahasiswa untuk proyek?
fasilitas_laboratorium,Apakah tersedia laboratorium khusus untuk pemrograman?
fasilitas_laboratorium,Bagaimana sistem reservasi ruangan laboratorium?
fasilitas_laboratorium,Apakah ada lab yang bisa diakses 24 jam?
fasilitas_laboratorium,Apakah ada fasilitas cloud computing yang bisa digunakan mahasiswa?
fasilitas_laboratorium,Apakah tersedia workstation dengan spesifikasi tinggi untuk rendering atau analisis data?
fasilitas_laboratorium,Apakah laboratorium dilengkapi dengan pendingin ruangan?
fasilitas_laboratorium,Apakah ada fasilitas printer 3D di kampus?
fasilitas_laboratorium,Bagaimana kebijakan penggunaan fasilitas lab oleh mahasiswa luar prodi?
fasilitas_laboratorium,Apakah tersedia laboratorium jaringan yang bisa digunakan untuk sertifikasi?
fasilitas_laboratorium,Apakah mahasiswa dapat akses ke pusat data kampus?
fasilitas_laboratorium,Apakah ada teknisi yang bertugas di laboratorium?
fasilitas_laboratorium,Apakah ada perangkat yang bisa digunakan untuk uji penetrasi keamanan jaringan?
fasilitas_laboratorium,Apakah mahasiswa bisa menggunakan lab untuk mengerjakan proyek startup?
fasilitas_laboratorium,Bagaimana cara mendapatkan izin akses ke laboratorium setelah jam operasional?
fasilitas_laboratorium,Apakah ada program pelatihan laboratorium bagi mahasiswa baru?
fasilitas_laboratorium,Apakah tersedia laboratorium robotika dalam program studi ini?
fasilitas_laboratorium,Bagaimana prosedur perawatan dan pemeliharaan alat lab?
fasilitas_laboratorium,Apakah mahasiswa bisa menyimpan proyek mereka di server kampus?
fasilitas_laboratorium,Apakah tersedia akses ke database akademik melalui laboratorium?
fasilitas_laboratorium,Apakah ada laboratorium khusus untuk penelitian cloud computing?
fasilitas_laboratorium,Apakah tersedia ruang eksperimen untuk IoT dan embedded system?
fasilitas_laboratorium,Bagaimana sistem penggantian alat jika terjadi kerusakan?
fasilitas_laboratorium,Apakah ada lab yang dilengkapi dengan jaringan 5G untuk riset?
fasilitas_laboratorium,Apakah mahasiswa memiliki akses ke platform e-learning dari lab?
peluang_kerja,Apa peluang kerja setelah lulus?
peluang_kerja,Di industri apa lulusan prodi komputer jaringan bisa bekerja?
peluang_kerja,Apakah ada program magang bagi mahasiswa?
peluang_kerja,Apa saja sertifikasi yang bisa membantu dalam karir?
peluang_kerja,Apakah universitas membantu dalam penyaluran kerja?
peluang_kerja,Apa jenis pekerjaan yang bisa didapatkan setelah lulus?
peluang_kerja,Apakah ada alumni yang bekerja di perusahaan besar?
peluang_kerja,Apakah lulusan prodi ini bisa bekerja di luar negeri?
peluang_kerja,Bagaimana prospek kerja lulusan dalam 5 tahun ke depan?
peluang_kerja,Apakah ada peluang kerja di bidang keamanan siber?
peluang_kerja,Apakah lulusan bisa bekerja sebagai administrator jaringan?
peluang_kerja,Apakah ada lowongan kerja khusus untuk lulusan universitas ini?
peluang_kerja,Apakah ada program kerja sama dengan perusahaan teknologi?
peluang_kerja,Apakah ada inkubasi startup bagi mahasiswa?
peluang_kerja,Apakah lulusan bisa bekerja sebagai software engineer?
peluang_kerja,Apakah ada bidang pekerjaan yang paling diminati oleh lulusan?
peluang_kerja,Bagaimana cara meningkatkan peluang kerja setelah lulus?
peluang_kerja,Apakah ada program sertifikasi yang direkomendasikan sebelum lulus?
peluang_kerja,Apakah lulusan bisa bekerja sebagai konsultan IT?
peluang_kerja,Bagaimana cara mendapatkan pengalaman kerja selama kuliah?
peluang_kerja,Apakah ada job fair yang diadakan kampus?
peluang_kerja,Apakah ada program alumni yang membantu mahasiswa baru dalam mencari kerja?
peluang_kerja,Apakah ada kursus tambahan yang disarankan untuk meningkatkan prospek kerja?
peluang_kerja,Apakah ada dukungan universitas dalam persiapan wawancara kerja?
peluang_kerja,Apakah lulusan bisa menjadi pengusaha di bidang teknologi?
peluang_kerja,Apakah ada data statistik tentang tingkat penyerapan lulusan di dunia kerja?
peluang_kerja,Apakah ada program mentoring karir bagi mahasiswa?
peluang_kerja,Apakah ada perusahaan yang rutin merekrut lulusan dari prodi ini?
peluang_kerja,Apakah ada kesempatan untuk bekerja di pemerintahan?
peluang_kerja,Apakah ada program pelatihan industri sebelum mahasiswa lulus?
peluang_kerja,Bagaimana cara mahasiswa mendapatkan koneksi profesional sebelum lulus?
peluang_kerja,Apakah ada jalur fast track untuk langsung bekerja setelah lulus?
peluang_kerja,Apakah lulusan bisa bekerja di bidang kecerdasan buatan?
peluang_kerja,Apakah ada program beasiswa yang mengarah langsung ke peluang kerja?
peluang_kerja,Apakah ada perusahaan yang memberikan sponsorship kepada mahasiswa berbakat?
peluang_kerja,Apakah universitas memiliki kerja sama dengan perusahaan global?
peluang_kerja,Apakah ada program kerja sambil kuliah?
peluang_kerja,Apakah ada mata kuliah yang membantu mahasiswa dalam persiapan kerja?
peluang_kerja,Apakah ada layanan konsultasi karir di universitas?
peluang_kerja,Bagaimana cara membuat CV yang menarik bagi lulusan baru?
peluang_kerja,Apakah ada alumni yang sukses membangun startup sendiri?
peluang_kerja,Apakah ada peluang kerja di industri telekomunikasi?
peluang_kerja,Apakah ada program internship dengan perusahaan teknologi ternama?
peluang_kerja,Apakah ada kesempatan kerja di bidang cloud computing?
peluang_kerja,Apakah ada program pelatihan wawancara kerja untuk mahasiswa?
peluang_kerja,Apakah ada peluang kerja sebagai data analyst untuk lulusan prodi ini?
peluang_kerja,Apakah ada peluang kerja bagi lulusan yang ingin menjadi peneliti?
peluang_kerja,Apakah ada kesempatan kerja di perusahaan berbasis fintech?
peluang_kerja,Bagaimana cara mempersiapkan diri untuk bersaing di dunia kerja?
peluang_kerja,Apakah ada jaringan alumni yang bisa membantu dalam pencarian kerja?
akreditasi_prestasi,Bagaimana akreditasi prodi ini?
akreditasi_prestasi,Apa saja prestasi yang pernah diraih oleh prodi ini?
akreditasi_prestasi,Apakah prodi ini memiliki akreditasi internasional?
akreditasi_prestasi,Bagaimana perbandingan akreditasi dengan universitas lain?
akreditasi_prestasi,Apakah ada mahasiswa yang pernah menjuarai kompetisi nasional/internasional?
akreditasi_prestasi,Apakah ada sertifikasi khusus yang diberikan oleh prodi ini?
akreditasi_prestasi,Apakah ada kerjasama dengan universitas luar negeri?
akreditasi_prestasi,Berapa peringkat akreditasi prodi ini secara nasional?
akreditasi_prestasi,Apakah akreditasi prodi ini pernah mengalami peningkatan?
akreditasi_prestasi,Apa dampak akreditasi terhadap kualitas pendidikan di prodi ini?
akreditasi_prestasi,Apakah ada program sertifikasi bagi lulusan prodi ini?
akreditasi_prestasi,Bagaimana cara mengetahui status akreditasi prodi ini?
akreditasi_prestasi,Apakah akreditasi prodi ini berpengaruh dalam dunia kerja?
akreditasi_prestasi,Apakah lulusan dari prodi ini diakui oleh industri global?
akreditasi_prestasi,Apakah akreditasi prodi ini sudah diakui oleh kementerian pendidikan?
akreditasi_prestasi,Apakah ada penghargaan yang pernah diterima oleh dosen prodi ini?
akreditasi_prestasi,Bagaimana proses penilaian akreditasi untuk prodi ini?
akreditasi_prestasi,Apakah prodi ini memiliki afiliasi dengan lembaga pendidikan internasional?
akreditasi_prestasi,Apakah ada peringkat universitas yang menunjukkan kualitas prodi ini?
akreditasi_prestasi,Apakah ada publikasi ilmiah dari prodi ini yang diakui secara internasional?
akreditasi_prestasi,Apakah ada mahasiswa yang memenangkan lomba di bidang teknologi?
akreditasi_prestasi,Bagaimana cara mahasiswa berpartisipasi dalam kompetisi internasional?
akreditasi_prestasi,Apakah ada alumni yang meraih penghargaan dalam bidang akademik?
akreditasi_prestasi,Apakah universitas memiliki penghargaan dalam bidang penelitian?
akreditasi_prestasi,Bagaimana sistem evaluasi akreditasi dilakukan?
akreditasi_prestasi,Apakah ada dana hibah untuk proyek penelitian mahasiswa?
akreditasi_prestasi,Apakah ada alumni yang bekerja di perusahaan ternama dunia?
akreditasi_prestasi,Berapa tahun sekali akreditasi prodi ini diperbarui?
akreditasi_prestasi,Apakah prodi ini memiliki standar internasional seperti ISO?
akreditasi_prestasi,Apakah ada kerja sama dengan institusi riset global?
akreditasi_prestasi,Apakah ada mahasiswa yang pernah menjadi perwakilan dalam konferensi ilmiah?
akreditasi_prestasi,Apakah ada penghargaan akademik bagi mahasiswa berprestasi?
akreditasi_prestasi,Bagaimana cara melihat sertifikat akreditasi prodi ini?
akreditasi_prestasi,Apakah ada peluang bagi mahasiswa untuk mengikuti pertukaran pelajar?
akreditasi_prestasi,Apakah ada proyek riset mahasiswa yang pernah memenangkan penghargaan?
akreditasi_prestasi,Apakah ada kemitraan dengan industri besar dalam bidang akademik?
akreditasi_prestasi,Apakah ada jurnal ilmiah yang diterbitkan oleh prodi ini?
akreditasi_prestasi,Bagaimana cara mendapatkan beasiswa berdasarkan prestasi akademik?
akreditasi_prestasi,Apakah ada penghargaan khusus untuk dosen terbaik di prodi ini?
akreditasi_prestasi,Bagaimana pengaruh akreditasi terhadap kualitas lulusan prodi ini?
akreditasi_prestasi,Apakah akreditasi prodi ini memenuhi standar ASEAN University Network?
akreditasi_prestasi,Apakah ada mahasiswa yang pernah magang di perusahaan teknologi besar?
akreditasi_prestasi,Bagaimana cara prodi ini mempertahankan kualitas akreditasinya?
akreditasi_prestasi,Apakah prodi ini pernah mendapatkan hibah riset dari pemerintah?
akreditasi_prestasi,Apakah ada alumni yang menjadi dosen di universitas ternama?
akreditasi_prestasi,Apakah ada kompetisi internal untuk meningkatkan kualitas akademik mahasiswa?
akreditasi_prestasi,Bagaimana peran prodi ini dalam inovasi teknologi di kampus?
akreditasi_prestasi,Apakah ada laboratorium riset yang mendapat pengakuan internasional?
akreditasi_prestasi,Apakah ada penghargaan untuk mahasiswa dengan IPK tertinggi?
kegiatan_mahasiswa,Apa saja kegiatan mahasiswa di prodi ini?
kegiatan_mahasiswa,Organisasi apa yang ada di prodi komputer jaringan?
kegiatan_mahasiswa,Apakah ada komunitas yang fokus pada pengembangan jaringan?
kegiatan_mahasiswa,Apakah ada event atau seminar yang bisa diikuti mahasiswa?
kegiatan_mahasiswa,Bagaimana cara bergabung dengan organisasi mahasiswa?
kegiatan_mahasiswa,Apakah ada program pertukaran mahasiswa?
kegiatan_mahasiswa,Apakah ada kompetisi yang rutin diikuti oleh mahasiswa?
kegiatan_mahasiswa,Apakah ada kegiatan ekstrakurikuler yang bisa diikuti mahasiswa?
kegiatan_mahasiswa,Bagaimana cara menjadi anggota himpunan mahasiswa?
kegiatan_mahasiswa,Apakah ada program mentoring untuk mahasiswa baru?
kegiatan_mahasiswa,Apakah ada konferensi atau workshop yang direkomendasikan untuk mahasiswa?
kegiatan_mahasiswa,Apakah ada lomba pemrograman yang sering diikuti mahasiswa?
kegiatan_mahasiswa,Apakah ada komunitas yang fokus pada keamanan siber?
kegiatan_mahasiswa,Apakah ada kegiatan pengabdian masyarakat yang bisa diikuti mahasiswa?
kegiatan_mahasiswa,Bagaimana cara mahasiswa mendapatkan sponsor untuk kompetisi?
kegiatan_mahasiswa,Apakah ada kelompok riset yang bisa diikuti mahasiswa?
kegiatan_mahasiswa,Apakah ada program magang yang diselenggarakan oleh universitas?
kegiatan_mahasiswa,Apakah ada kegiatan hackathon di kampus?
kegiatan_mahasiswa,Apakah ada kegiatan olahraga yang dikhususkan untuk mahasiswa prodi ini?
kegiatan_mahasiswa,Apakah mahasiswa bisa membuat organisasi atau komunitas sendiri?
kegiatan_mahasiswa,Apakah ada kegiatan untuk mengembangkan keterampilan kepemimpinan?
kegiatan_mahasiswa,Apakah ada seminar teknologi yang diadakan setiap semester?
kegiatan_mahasiswa,Apakah ada kegiatan startup atau inkubasi bisnis bagi mahasiswa?
kegiatan_mahasiswa,Bagaimana cara mengajukan proposal kegiatan mahasiswa?
kegiatan_mahasiswa,Apakah ada pelatihan atau bootcamp yang diadakan oleh universitas?
kegiatan_mahasiswa,Apakah ada kerja sama dengan industri untuk pelatihan mahasiswa?
kegiatan_mahasiswa,Bagaimana cara mengikuti program pertukaran pelajar?
kegiatan_mahasiswa,Apakah ada kesempatan bagi mahasiswa untuk menjadi asisten dosen?
kegiatan_mahasiswa,Apakah ada komunitas open source di kampus?
kegiatan_mahasiswa,Apakah ada pelatihan khusus untuk sertifikasi profesional?
kegiatan_mahasiswa,Apakah ada festival atau acara tahunan yang diselenggarakan oleh mahasiswa?
kegiatan_mahasiswa,Apakah ada grup studi untuk mahasiswa yang ingin belajar bersama?
kegiatan_mahasiswa,Apakah ada kesempatan untuk mahasiswa menjadi pembicara dalam seminar?
kegiatan_mahasiswa,Bagaimana cara mendapatkan informasi terbaru tentang kegiatan mahasiswa?
kegiatan_mahasiswa,Apakah ada dana hibah untuk proyek mahasiswa?
kegiatan_mahasiswa,Apakah ada kegiatan sosial yang melibatkan mahasiswa?
kegiatan_mahasiswa,Apakah ada program kerja sama dengan universitas luar negeri?
kegiatan_mahasiswa,Apakah ada kesempatan untuk mahasiswa melakukan penelitian mandiri?
kegiatan_mahasiswa,Apakah ada organisasi mahasiswa yang fokus pada kewirausahaan?
kegiatan_mahasiswa,Apakah ada klub robotika di kampus?
kegiatan_mahasiswa,Apakah ada komunitas mahasiswa yang membahas artificial intelligence?
kegiatan_mahasiswa,Bagaimana cara menjadi panitia dalam acara kampus?
kegiatan_mahasiswa,Apakah ada pelatihan kepemimpinan untuk mahasiswa?
kegiatan_mahasiswa,Apakah ada program kompetisi bisnis digital di kampus?
kegiatan_mahasiswa,Bagaimana cara mengikuti perlombaan tingkat nasional atau internasional?
kegiatan_mahasiswa,Apakah ada komunitas mahasiswa yang membahas blockchain dan fintech?
kegiatan_mahasiswa,Apakah ada kesempatan bagi mahasiswa untuk mendapatkan pendanaan startup?
kegiatan_mahasiswa,Apakah ada acara networking dengan alumni dan profesional industri?
kegiatan_mahasiswa,Apakah ada workshop atau kursus tambahan untuk mahasiswa?
kontak_lokasi,Bagaimana saya bisa menghubungi prodi ini?
kontak_lokasi,Di mana lokasi prodi komputer jaringan?
kontak_lokasi,Apakah ada kontak WhatsApp atau email yang bisa saya hubungi?
kontak_lokasi,Bisakah saya mengunjungi kampus sebelum mendaftar?
kontak_lokasi,Apakah ada akun media sosial resmi untuk mendapatkan update terbaru?
kontak_lokasi,Dimana saya bisa menemukan alamat lengkap kampus?
kontak_lokasi,Bagaimana cara menjadwalkan kunjungan kampus?
kontak_lokasi,Apakah ada nomor telepon yang bisa saya hubungi?
kontak_lokasi,Apakah ada layanan informasi online untuk pendaftaran?
kontak_lokasi,Apakah ada jam operasional khusus untuk layanan informasi?
kontak_lokasi,Apakah ada kontak resmi untuk mahasiswa baru?
kontak_lokasi,Bagaimana cara mendapatkan informasi tentang prodi melalui telepon?
kontak_lokasi,Apakah ada peta lokasi kampus yang bisa saya akses?
kontak_lokasi,Apakah ada grup diskusi atau forum online untuk calon mahasiswa?
kontak_lokasi,Dimana saya bisa mendapatkan brosur atau booklet informasi kampus?
kontak_lokasi,Apakah ada chatbot resmi untuk menjawab pertanyaan terkait prodi ini?
kontak_lokasi,Bagaimana cara berbicara langsung dengan staf akademik?
kontak_lokasi,Apakah ada kantor informasi mahasiswa baru di kampus?
kontak_lokasi,Apakah ada kantor perwakilan kampus di kota lain?
kontak_lokasi,Bagaimana cara mengakses portal informasi kampus?
kontak_lokasi,Apakah ada alamat email khusus untuk pertanyaan tentang program studi?
kontak_lokasi,Apakah ada sesi konsultasi tatap muka untuk calon mahasiswa?
kontak_lokasi,Apakah ada jadwal terbuka untuk kunjungan kampus?
kontak_lokasi,Apakah ada layanan live chat untuk bertanya seputar prodi ini?
kontak_lokasi,Bagaimana cara mendapatkan informasi terbaru tentang kampus?
kontak_lokasi,Apakah ada nomor telepon darurat kampus?
kontak_lokasi,Bagaimana cara mengajukan pertanyaan jika saya tidak bisa datang ke kampus?
kontak_lokasi,Apakah ada alamat media sosial yang aktif memberikan informasi terbaru?
kontak_lokasi,Dimana saya bisa menemukan informasi kampus di Google Maps?
kontak_lokasi,Apakah ada layanan informasi di luar jam kerja?
kontak_lokasi,Bagaimana cara menghubungi dosen atau staf akademik?
kontak_lokasi,Apakah ada tempat parkir khusus untuk tamu kampus?
kontak_lokasi,Bagaimana cara menemukan gedung prodi komputer jaringan di kampus?
kontak_lokasi,Apakah ada kantor pusat layanan akademik di dalam kampus?
kontak_lokasi,Apakah tersedia brosur dalam format digital?
kontak_lokasi,Apakah saya bisa meminta panduan kampus sebelum berkunjung?
kontak_lokasi,Apakah ada informasi transportasi umum menuju kampus?
kontak_lokasi,Apakah ada pemandu kampus bagi calon mahasiswa yang ingin berkunjung?
kontak_lokasi,Apakah ada layanan informasi dalam bahasa Inggris?
kontak_lokasi,Bagaimana cara mengatur pertemuan dengan akademik advisor?
kontak_lokasi,Apakah ada kontak khusus untuk mahasiswa internasional?
kontak_lokasi,Apakah ada kantor layanan administrasi mahasiswa?
kontak_lokasi,Apakah ada peta kampus yang bisa diunduh?
kontak_lokasi,Bagaimana cara menghubungi pusat layanan mahasiswa?
kontak_lokasi,Apakah ada jalur komunikasi resmi untuk bertanya tentang perkuliahan?
kontak_lokasi,Apakah ada layanan informasi untuk mahasiswa berkebutuhan khusus?
kontak_lokasi,Apakah tersedia informasi lokasi kampus di website resmi?
kontak_lokasi,Bagaimana cara mendapatkan kontak alumni untuk bertanya pengalaman mereka?
kontak_lokasi,Apakah saya bisa mendapatkan tur kampus sebelum memutuskan mendaftar?
beasiswa_dan_bantuan_keuangan,Apakah ada beasiswa untuk mahasiswa baru?
beasiswa_dan_bantuan_keuangan,Bagaimana cara mengajukan beasiswa?
beasiswa_dan_bantuan_keuangan,Apa saja jenis beasiswa yang tersedia?
beasiswa_dan_bantuan_keuangan,Apakah ada beasiswa khusus untuk mahasiswa berprestasi?
beasiswa_dan_bantuan_keuangan,Bagaimana proses seleksi penerima beasiswa?
beasiswa_dan_bantuan_keuangan,Apakah ada bantuan keuangan bagi mahasiswa kurang mampu?
beasiswa_dan_bantuan_keuangan,Berapa besar dana yang diberikan dalam beasiswa?
beasiswa_dan_bantuan_keuangan,Apakah ada beasiswa untuk mahasiswa dari daerah tertentu?
beasiswa_dan_bantuan_keuangan,Bagaimana cara mengetahui apakah saya memenuhi syarat untuk beasiswa?
beasiswa_dan_bantuan_keuangan,Apakah ada beasiswa yang diberikan oleh pihak swasta?
beasiswa_dan_bantuan_keuangan,Apakah ada batasan IPK untuk mendapatkan beasiswa?
beasiswa_dan_bantuan_keuangan,Apakah ada beasiswa untuk mahasiswa yang aktif di organisasi?
beasiswa_dan_bantuan_keuangan,Apakah beasiswa mencakup biaya hidup atau hanya biaya kuliah?
beasiswa_dan_bantuan_keuangan,Berapa lama durasi beasiswa yang diberikan?
beasiswa_dan_bantuan_keuangan,Apakah mahasiswa bisa mengajukan lebih dari satu beasiswa?
beasiswa_dan_bantuan_keuangan,Apakah ada program cicilan bagi mahasiswa yang tidak mendapat beasiswa?
beasiswa_dan_bantuan_keuangan,Kapan periode pendaftaran beasiswa dibuka?
beasiswa_dan_bantuan_keuangan,Bagaimana jika saya kehilangan beasiswa di tengah semester?
beasiswa_dan_bantuan_keuangan,Apakah ada beasiswa khusus untuk mahasiswa difabel?
beasiswa_dan_bantuan_keuangan,Apakah ada syarat pengembalian dana jika saya tidak menyelesaikan kuliah?
beasiswa_dan_bantuan_keuangan,Apakah ada bantuan biaya transportasi bagi mahasiswa kurang mampu?
beasiswa_dan_bantuan_keuangan,Bagaimana cara mendapatkan beasiswa dari universitas ini?
beasiswa_dan_bantuan_keuangan,Apakah ada beasiswa untuk mahasiswa yang memiliki prestasi olahraga?
beasiswa_dan_bantuan_keuangan,Apakah ada program kerja paruh waktu untuk membantu biaya kuliah?
beasiswa_dan_bantuan_keuangan,Apakah ada beasiswa bagi mahasiswa yang berasal dari keluarga TNI/PNS?
beasiswa_dan_bantuan_keuangan,Bagaimana cara memperpanjang beasiswa di tahun berikutnya?
beasiswa_dan_bantuan_keuangan,Apakah ada beasiswa bagi mahasiswa asing?
beasiswa_dan_bantuan_keuangan,Apakah ada beasiswa yang diberikan berdasarkan kebutuhan finansial?
beasiswa_dan_bantuan_keuangan,Apakah ada bantuan laptop atau perangkat belajar bagi penerima beasiswa?
beasiswa_dan_bantuan_keuangan,Apakah mahasiswa harus mengembalikan beasiswa jika mendapatkan nilai buruk?
beasiswa_dan_bantuan_keuangan,Apakah ada program bantuan makanan bagi mahasiswa yang membutuhkan?
beasiswa_dan_bantuan_keuangan,Bagaimana cara mengetahui daftar beasiswa terbaru?
beasiswa_dan_bantuan_keuangan,Apakah ada beasiswa khusus untuk mahasiswa perempuan?
beasiswa_dan_bantuan_keuangan,Apakah ada program bantuan uang saku bagi mahasiswa penerima beasiswa?
beasiswa_dan_bantuan_keuangan,Bagaimana cara mendapatkan surat rekomendasi untuk beasiswa?
beasiswa_dan_bantuan_keuangan,Apakah ada batasan usia untuk mengajukan beasiswa?
beasiswa_dan_bantuan_keuangan,Apakah ada beasiswa untuk mahasiswa yang ingin mengikuti pertukaran pelajar?
beasiswa_dan_bantuan_keuangan,Apakah beasiswa dapat digabung dengan bantuan keuangan lain?
beasiswa_dan_bantuan_keuangan,Apakah mahasiswa bisa kehilangan beasiswa jika melanggar aturan akademik?
beasiswa_dan_bantuan_keuangan,Bagaimana cara mengetahui apakah saya lolos seleksi beasiswa?
beasiswa_dan_bantuan_keuangan,Apakah ada beasiswa yang diberikan oleh alumni universitas?
beasiswa_dan_bantuan_keuangan,Apakah ada program subsidi UKT bagi mahasiswa?
beasiswa_dan_bantuan_keuangan,Bagaimana cara mengetahui daftar sponsor beasiswa di universitas ini?
beasiswa_dan_bantuan_keuangan,Apakah ada beasiswa bagi mahasiswa yang ingin melakukan penelitian?
beasiswa_dan_bantuan_keuangan,Bagaimana sistem pencairan dana bagi penerima beasiswa?
beasiswa_dan_bantuan_keuangan,Apakah ada perbedaan syarat antara beasiswa pemerintah dan beasiswa swasta?
beasiswa_dan_bantuan_keuangan,Apakah ada program bantuan keuangan darurat bagi mahasiswa?
beasiswa_dan_bantuan_keuangan,Apakah saya bisa mengajukan beasiswa jika baru masuk di semester kedua?
beasiswa_dan_bantuan_keuangan,Bagaimana cara mengajukan keringanan UKT bagi mahasiswa kurang mampu?
jadwal_kuliah,Kapan jadwal kuliah dimulai?
jadwal_kuliah,Apakah kuliah hari ini ada?
jadwal_kuliah,Bagaimana jadwal kuliah semester ini?
jadwal_kuliah,Apakah ada perubahan jadwal kuliah minggu depan?
jadwal_kuliah,Bisa berikan saya jadwal kuliah lengkap?
jadwal_kuliah,Jam berapa kuliah saya dimulai besok?
jadwal_kuliah,Dimana saya bisa melihat jadwal kuliah terbaru?
jadwal_kuliah,Jadwal kuliah hari Senin bagaimana?
jadwal_kuliah,Apakah ada kuliah di hari Sabtu?
jadwal_kuliah,Apakah jadwal kuliah bisa berubah setiap semester?
jadwal_kuliah,Bagaimana cara mengecek jadwal kuliah saya?
jadwal_kuliah,Mata kuliah apa saja yang saya ambil semester ini?
jadwal_kuliah,Jam berapa kelas pemrograman dimulai?
jadwal_kuliah,Apakah kuliah online atau offline?
jadwal_kuliah,Bagaimana jika ada bentrok jadwal kuliah?
jadwal_kuliah,Apakah ada waktu istirahat di antara jam kuliah?
jadwal_kuliah,Apakah ada kelas tambahan di luar jadwal?
jadwal_kuliah,Bagaimana cara mengetahui ruangan kuliah saya?
jadwal_kuliah,Apa yang harus saya lakukan jika dosen mengganti jadwal?
jadwal_kuliah,Bagaimana cara mengetahui perubahan jadwal mendadak?
jadwal_kuliah,Apakah ada aplikasi untuk melihat jadwal kuliah?
jadwal_kuliah,Apakah ada jadwal kuliah malam?
jadwal_kuliah,Bagaimana jika saya ketinggalan jadwal kuliah?
jadwal_kuliah,Kapan libur kuliah semester ini?
jadwal_kuliah,Bagaimana jadwal ujian semester?
jadwal_kuliah,Jam berapa kelas algoritma dimulai?
jadwal_kuliah,Apakah ada kelas praktikum untuk mata kuliah jaringan?
jadwal_kuliah,Dimana saya bisa melihat daftar kelas kuliah?
jadwal_kuliah,Bagaimana cara mengetahui jadwal dosen pengajar?
jadwal_kuliah,Jadwal kuliah semester depan sudah keluar?
jadwal_kuliah,Apakah ada perbedaan jadwal antara mahasiswa reguler dan kelas karyawan?
jadwal_kuliah,Bagaimana cara mengubah jadwal kuliah?
jadwal_kuliah,Apa yang terjadi jika saya tidak masuk kuliah sesuai jadwal?
jadwal_kuliah,Bagaimana cara mengetahui kelas mana yang kosong?
jadwal_kuliah,Apakah saya bisa mengikuti kelas di luar jadwal saya?
jadwal_kuliah,Apakah ada jam kuliah yang bisa saya pilih sendiri?
jadwal_kuliah,Dimana saya bisa mendapatkan jadwal kuliah PDF?
jadwal_kuliah,Apakah ada kalender akademik untuk melihat jadwal kuliah?
jadwal_kuliah,Apakah ada kuliah pengganti jika saya tidak hadir?
jadwal_kuliah,Bagaimana cara mengetahui jadwal dosen bimbingan skripsi?
jadwal_kuliah,Bagaimana cara mengetahui jika ada perubahan kelas?
jadwal_kuliah,Apakah ada jadwal kuliah hybrid (online dan offline)?
jadwal_kuliah,Bagaimana jadwal perkuliahan di hari libur nasional?
jadwal_kuliah,Apakah ada kelas khusus bagi mahasiswa yang bekerja?
jadwal_kuliah,Dimana saya bisa melihat jadwal kuliah saya di sistem akademik?
jadwal_kuliah,Apakah ada jadwal khusus untuk mahasiswa tingkat akhir?
jadwal_kuliah,Bagaimana cara mendapatkan jadwal konsultasi dengan dosen?
jadwal_kuliah,Apakah ada jadwal konsultasi tugas akhir?
jadwal_kuliah,Jam berapa kelas teori basis data dimulai?
greet,Hai
greet,Halo
greet,Selamat pagi
greet,Selamat siang
greet,Selamat malam
greet,Apa kabar?
greet,"Hai, bot!"
greet,Hey
greet,Helo
greet,"Yo, apa kabar?"
greet,Apa kabar hari ini?
greet,"Halo, bagaimana harimu?"
greet,Senang bertemu denganmu!
greet,Apa yang bisa kamu lakukan?
greet,Hello there!
chit_chat,Apa kabar?
chit_chat,Lagi ngapain?
chit_chat,Kamu bisa apa saja?
chit_chat,Ceritakan lelucon
chit_chat,Kamu suka musik?
chit_chat,Siapa yang membuatmu?
chit_chat,Kamu punya teman?
chit_chat,Kamu makan apa hari ini?
chit_chat,Kamu bisa bicara bahasa lain?
chit_chat,Bagaimana perasaanmu hari ini?
chit_chat,Apa film favoritmu?
chit_chat,Kamu suka bermain game?
chit_chat,Ada berita menarik hari ini?
chit_chat,Siapa artis favoritmu?
chit_chat,Kamu bisa nyanyi?
chit_chat,Apakah kamu punya hobi?
chit_chat,Bagaimana cuaca hari ini?
chit_chat,Kamu suka olahraga?
chit_chat,Apa warna favoritmu?
chit_chat,Apakah kamu punya saudara?
informasi_general,Bisa carikan informasi tentang teknologi terbaru?
informasi_general,Apa itu kecerdasan buatan?
informasi_general,Jelaskan tentang IoT
informasi_general,Bagaimana cara kerja jaringan 5G?
informasi_general,Siapa penemu internet?
informasi_general,Apa saja bahasa pemrograman yang populer?
informasi_general,Berita terbaru tentang AI?
informasi_general,Bagaimana cara kerja blockchain?
informasi_general,Apa itu komputasi awan?
informasi_general,Jelaskan tentang keamanan siber
informasi_general,Bagaimana cara kerja machine learning?
informasi_general,Siapa ilmuwan komputer terkenal?
informasi_general,Apa tren terbaru di dunia teknologi?
informasi_general,Apa itu quantum computing?
informasi_general,Bagaimana cara kerja enkripsi data?
informasi_general,Siapa CEO Google sekarang?
informasi_general,Apa itu metaverse?
informasi_general,Bagaimana cara kerja robot?
informasi_general,Apa saja fitur terbaru di iPhone?
informasi_general,Siapa pemilik Tesla?
